ordine,theta,lamda,nome
3,0.39851685,435.413098,blu
3,0.39851685,435.413098,blu
4,0.54279740,435.413098,blu
4,0.54308829,435.413098,blu
5,0.70133147,435.413098,blu
5,0.70191325,435.413098,blu
