ordine,theta,lamda,nome
3,0.54105207,578.515368,giallo 2
3,0.54192473,578.515368,giallo 2
4,0.75660023,578.515368,giallo 2
4,0.75689112,578.515368,giallo 2
5,1.03003515,578.515368,giallo 2
5,1.03178048,578.515368,giallo 2
