ordine,theta,lamda,nome
3,0.53872496,576.221945,giallo 1
3,0.53814319,576.221945,giallo 1
4,0.75369135,576.221945,giallo 1
4,0.75340046,576.221945,giallo 1
5,1.02479916,576.221945,giallo 1
5,1.02567182,576.221945,giallo 1
