ordine,theta,lamda,nome
3.00,0.587303293,622.7,rosso
3.00,0.587594182,622.7,rosso
