ordine,theta,lamda,nome
3,0.45174939,490.875807,verde 2
3,0.45204028,490.875807,verde 2
4,0.62162810,490.875807,verde 2
4,0.62220988,490.875807,verde 2
5,0.81623231,490.875807,verde 2
5,0.81710498,490.875807,verde 2
