ordine,theta,lamda,nome
3,0.50730904,545.432547,verde 1
3,0.50643637,545.432547,verde 1
4,0.70336769,545.432547,verde 1
4,0.70453124,545.432547,verde 1
5,0.94247780,545.432547,verde 1
5,0.94451401,545.432547,verde 1
