ordine,theta,lamda,nome
3,0.36855536,404.435925,viola
3,0.36884625,404.435925,viola
4,0.50032772,404.435925,viola
4,0.50032772,404.435925,viola
5,0.64315383,404.435925,viola
5,0.64344472,404.435925,viola
